{
  "u10_input": {
    "min": -24.03567123413086,
    "max": 19.81231117248535
  },
  "v10_input": {
    "min": -20.93471336364746,
    "max": 15.039660453796387
  },
  "speed_input": {
    "min": -0.9194000959396362,
    "max": 24.082998275756836
  },
  "dir_input": {
    "min": -94.24751281738281,
    "max": 455.4664001464844
  },
  "dir_cos_input": {
    "min": -1.0,
    "max": 1.0
  },
  "dir_sin_input": {
    "min": -1.0,
    "max": 1.0
  },
  "psfc_input": {
    "min": 82636.0234375,
    "max": 103507.9921875
  },
  "pblh_input": {
    "min": -273.2375793457031,
    "max": 2591.849609375
  },
  "th2_input": {
    "min": 267.90521240234375,
    "max": 303.81500244140625
  },
  "t2_input": {
    "min": 257.7566833496094,
    "max": 298.8277282714844
  },
  "hgt_target": {
    "min": -9.93410651517479e-08,
    "max": 1837.893798828125
  },
  "xland_target": {
    "min": 1.0,
    "max": 2.0
  },
  "coastmask_target": {
    "min": 0.0,
    "max": 1.0
  },
  "diff_hgt_input": {
    "min": -554.2307739257812,
    "max": 845.5325927734375
  },
  "znt_target": {
    "min": 9.999999747378752e-05,
    "max": 0.800000011920929
  },
  "aspect_target": {
    "min": 0.0,
    "max": 359.9962463378906
  },
  "aspect_sin_target": {
    "min": -1.0,
    "max": 1.0
  },
  "aspect_cos_target": {
    "min": -1.0,
    "max": 1.0
  },
  "slope_target": {
    "min": 0.0,
    "max": 1.5680814981460571
  },
  "Eplus_input": {
    "min": 0.0,
    "max": 0.9999963045120239
  },
  "Emin_input": {
    "min": -0.9999963045120239,
    "max": 0.0
  },
  "EplusU_input": {
    "min": -23.15817642211914,
    "max": 18.593658447265625
  },
  "EplusV_input": {
    "min": -18.754131317138672,
    "max": 13.865533828735352
  },
  "EminU_input": {
    "min": -18.822853088378906,
    "max": 23.90163803100586
  },
  "EminV_input": {
    "min": -14.147842407226562,
    "max": 20.051427841186523
  },
  "EplusUV_input": {
    "min": -0.916486382484436,
    "max": 23.186922073364258
  },
  "EminUV_input": {
    "min": -23.973224639892578,
    "max": 0.45390984416007996
  },
  "Utan_input": {
    "min": -33.076255798339844,
    "max": 44.1666145324707
  },
  "Vtan_input": {
    "min": -28.395645141601562,
    "max": 38.71784210205078
  },
  "u10_target": {
    "min": -31.29994010925293,
    "max": 31.842432022094727
  },
  "v10_target": {
    "min": -29.152036666870117,
    "max": 23.620262145996094
  }
}